source,author,title,description,url,published_at
Gizmodo.com,James Pero,Bose’s New Wired Speaker Sounds Like Sonos on Steroids,Bose's new Lifestyle collection includes a speaker and a soundbar that are all about spatial audio.,https://gizmodo.com/boses-new-wired-speaker-sounds-like-sonos-on-steroids-2000754200,2026-05-05T12:00:29Z
CNET,Bridget Carey,One Month With the MacBook Neo and Feeling the Limits,A cheaper MacBook has trade-offs for my too-many-tabs lifestyle.,https://www.cnet.com/tech/computing/one-month-with-macbook-neo-and-feeling-the-limits-of-the-ram/,2026-04-17T12:01:14Z
The Verge,John.Higgins,Bose takes a swing at Sonos with its new home speakers,"Last Thursday, in a staged home on the Upper West Side of Manhattan, I sat on a couch that was a bit too low and a tad too deep in front of a small, beige-colored smart speaker sitting on the middle of a trio of arched midcentury storage cabinets. On either s…",https://www.theverge.com/tech/923686/bose-lifestyle-collection-first-listen,2026-05-05T09:40:09Z
Business Insider,Katherine Tangalakis-Lippert,SantaCon boss accused of turning a charity crawl into his own cash stash,"Prosecutors allege that Stefan Pildes, the president of the raucous annual SantaCon event, misused charity funds to fund a luxury lifestyle.",https://www.businessinsider.com/santacon-president-wire-fraud-charges-charity-fund-luxury-lifestyle-prosecutors-2026-4,2026-04-15T22:28:19Z
Business Insider,Jane Ridley,"At 49, I quit my lucrative tech job in Texas for a quieter, happier life in Tuscany. I lost 42 pounds in the process.","Texan Angie Smith quit her well-paid job to move to Tuscany.  A quieter lifestyle has left her calmer and healthier, leading to her losing 42 pounds.",https://www.businessinsider.com/40s-reloacted-us-tuscany-italy-europe-happier-lost-weight-2026-4,2026-04-21T09:05:02Z
Business Insider,Perri Ormont Blumberg,I'm an 85-year-old CEO who doesn't take a salary. I'm committed to my company's mission and living a long and happy life.,Charlie Nahabedian is the CEO of VK Digital Health at age 85. He maintains an active and social lifestyle while working almost every day.,https://www.businessinsider.com/85-year-old-ceo-healthtech-company-doesnt-take-salary-2026-4,2026-04-23T09:05:01Z
Business Insider,Joey Hadden,"I lived in Austin for 6 years and loved it, but moving to New York City made me realize Texas isn't for me","Austin was a great place to live, but New York City is a better fit for my car-free, busy lifestyle.",https://www.businessinsider.com/moved-from-austin-texas-to-new-york-city-2026-5,2026-05-07T16:45:19Z
CNET,Ty Pendlebury,"Bose Lifestyle Ultra Soundbar, Speaker Let You Control With Your Favorite Music App",The proprietary Bose app isn't necessary for these new speakers (but they aren't compatible with existing Bose Home or SoundTouch models either).,https://www.cnet.com/tech/home-entertainment/boses-lifestyle-ultra-soundbar-and-speaker-let-you-control-with-your-favorite-music-app/,2026-05-05T12:01:07Z
Kotaku,Lewis Parker,Failed MMO Ashes Of Creation‘s $3.2 Million In Kickstarter Funds Allegedly Spent On Private Chefs And Trading Cards,A report published by NefasQS purports that Intrepid Studios' CEO spent hundreds of thousands of dollars in Kickstarter funds to fuel his lavish lifestyle,https://kotaku.com/ashes-creation-kickstarter-nefasqs-youtube-sharif-2000686976,2026-04-12T14:14:08Z
Yahoo Entertainment,,"How GLP-1s, Male Factors, and Lifestyle Affect Fertility Issues",,https://consent.yahoo.com/v2/collectConsent?sessionId=1_cc-session_c8c9bcc4-2f92-4945-a281-85ea1f142393,2026-04-20T13:11:56Z
Gizmodo.com,Ed Cara,"Your Late Night Snacking Isn’t Doing Your Gut Any Favors, Study Finds","Eating late at night might worsen people's digestive problems, including constipation.",https://gizmodo.com/your-late-night-snacking-isnt-doing-your-gut-any-favors-study-finds-2000750026,2026-04-23T20:30:07Z
Business Insider,Catherine Work,I quit my full-time job at 26. Now I work remotely 10 to 20 hours a week while traveling with my partner.,My version of financial freedom is working less and having time to enjoy each day.,https://www.businessinsider.com/quit-job-20s-work-remote-slow-fire-enjoying-days-2026-5,2026-05-03T14:19:01Z
9to5Mac,Ben Lovejoy,"Bose AirPlay speakers see return of the 1990s Lifestyle branding, targets HomePod","Three new Bose AirPlay speakers have launched today, and the Bose Lifestyle Ultra Speaker appears to be going head-to-head with the original HomePod.



Bose has dusted off the Lifestyle sub-branding it first introduced in 1990 before discontinuing in 2022. T…",https://9to5mac.com/2026/05/05/bose-airplay-speakers-see-return-of-the-1990s-lifestyle-branding-targets-homepod/,2026-05-05T12:31:48Z
Business Insider,Rebecca Cretella,"We sold our dream home in the US to move into a rental abroad. Our family has less space, but our lifestyle improved.","We sold our house in Connecticut to move into a rental apartment in Spain. It's smaller for our family, but the perks of downsizing outweigh the cons.",https://www.businessinsider.com/family-sold-house-to-rent-apartment-abroad-spain-downsize-2026-5,2026-05-02T14:33:01Z
Joshblais.com,Joshua Blais,Using the internet like it's 1999,"A blog, notes, gallery, lifestyle and fully conglomerated posts from Joshua.",https://joshblais.com/blog/using-the-internet-like-its-1999/,2026-04-23T20:14:29Z
Harvard Business Review,"Mark J. Greeven, Fabrice Beaulieu, Wei Wei",Research: What China’s AI Agents Reveal About the Future of Commerce,"As AI starts making purchasing decisions for people, companies must compete to be selected by agents, not just noticed by customers.",https://hbr.org/2026/04/research-what-chinas-ai-agents-reveal-about-the-future-of-commerce,2026-04-17T13:00:00Z
Cool Hunting,Evan Orensten,Diners at the W New York – Union Square NYC Can Experience Meals Cooked by Chefs From Other W Properties,"W Hotels pioneered a fresh take on hip lifestyle hotels in the late 1990’s, creating properties with social spaces as a focus and a home for those seeking a more stylish, hip vibe at an acces…",http://coolhunting.com/travel/diners-at-the-w-new-york-union-square-nyc-can-experience-meals-cooked-by-chefs-from-other-w-properties/,2026-04-22T12:04:41Z
Android Police,Andy Boxall,Oura Ring 4 vs. Galaxy Watch 8: Why a smart ring beats a Wear OS smartwatch,"After a decade of testing fitness trackers, I break down why one wearable may suit your lifestyle better",https://www.androidpolice.com/should-you-buy-an-oura-ring-4-or-a-wear-os-smartwatch/,2026-04-17T10:00:10Z
Gizmodo.com,Kyle Barr,Asus ROG Zephyrus Duo Review: Your Gaming Lifestyle Deserves Two Screens,There are few laptops that offer as much as the ROG Zephyrus Duo in one shell.,https://gizmodo.com/asus-rog-zephyrus-duo-review-your-gaming-lifestyle-deserves-two-screens-2000752650,2026-05-01T10:00:18Z
Business Insider,"Ju Shardlow,David Ibekwe,Jessica Orwig",He was arrested in connection with over $130 million worth of cocaine-packed coconuts. He now runs a foundation for helping kids stay out of crime.,"Andrew Pritchard was arrested in connection to $134 million worth of cocaine in 2004. He vowed to quit crime, but a favor pulled him back in.",https://www.businessinsider.com/smuggling-cocaine-in-coconuts-to-redemption-andrew-pritchard-ap-foundation-2026-4,2026-04-09T22:00:39Z
Business Insider,Kathleen Elkins,How 2 couples cut housing costs to speed up their path to early retirement,Josette Chang and Alexander Nathanson broke a golden rule of mortgage payments in order to achieve peace of mind.,https://www.businessinsider.com/cut-housing-costs-for-financial-independence-early-retirement-fire-2026-4,2026-04-17T09:40:01Z
XDA Developers,Patrick O'Rourke,Claude wants to rule your personal life now,"The AI chatbot can now connect to lifestyle apps like Spotify, Instacart, and AllTrails.",https://www.xda-developers.com/claude-wants-to-rule-your-personal-life-now/,2026-04-24T15:17:23Z
Yanko Design,JC Torres,"Bose Just Revived Its Lifestyle Speaker for $299, Minus the Wires","Bose Just Revived Its Lifestyle Speaker for $299, Minus the WiresFor most people, getting serious audio at home eventually turns into a tradeoff. Multi-speaker surround setups demand wiring, dedicated gear, and more floor space than...",https://www.yankodesign.com/2026/05/06/bose-just-revived-its-lifestyle-speaker-for-299-minus-the-wires/,2026-05-06T10:07:26Z
Gizmodo.com,Raymond Wong,Google’s Screenless Fitbit Air Relies on Gemini to Be Your Personal Health Coach,"Google using AI to understand your fitness and health data, and then offer guidance? Who could have predicted that?!",https://gizmodo.com/googles-screenless-fitbit-air-relies-on-gemini-to-be-your-personal-health-coach-2000755566,2026-05-07T14:00:40Z
Buzzfeed,Hannah Dobrogosz,"31 People Just Shared Secrets About Their Lives That Would Shock Everyone Who Knows Them, And Whoa...","""I have been living the lie successfully for years.""View Entire Post ›",https://www.buzzfeed.com/hannahdobro/31-people-just-shared-secrets-about-their-lives-that-would,2026-04-14T16:31:02Z
Buzzfeed,Hannah Dobrogosz,"""Picked His Nose And Ate It While Still Cuddling In Bed"": 23 Reasons People Never Saw Their Hookups Again","""He asked me what part of my body I hated the most.""View Entire Post ›",https://www.buzzfeed.com/hannahdobro/major-red-flags-exposed-after-first-time-hookups,2026-04-28T13:31:03Z
Buzzfeed,Melanie Aman,29 Hidden Gems On Amazon That You've Probably Never Heard Of,"So many goodies, including new Nerds *Juicy* Gummy Clusters, dryer balls that smell like Anthropologie, and a sticker activity book that'll turn your brain off.View Entire Post ›",https://www.buzzfeed.com/melanie_aman/hidden-gems-amazon-probably-never-heard-of-an,2026-04-20T06:00:02Z
Buzzfeed,Melanie Aman,These 27 Random Products From Etsy Are Just Begging To Be Added To Your Life,"Fell to my knees at the BuzzFeed office upon discovering that this nodding cat sticker had sold out. (Don't worry, it hasn't, but I totally would if it had.)View Entire Post ›",https://www.buzzfeed.com/melanie_aman/random-etsy-products-begging-to-be-added-to-your-life,2026-04-21T13:11:26Z
Buzzfeed,Melanie Aman,These 31 Products Have Impressive Results…Which Is Even More Impressive When You See How Things Started,"In other words, these results should give you hope.View Entire Post ›",https://www.buzzfeed.com/melanie_aman/products-have-impressive-resultswhich-is-even-more,2026-04-29T04:01:02Z
Buzzfeed,Krista Torres,"51 Of The Wildest ""My Ex Actually Did This"" Stories That Are So Atrocious, They Feel Made Up","""He said he wanted to get a vasectomy because he didn’t want to have babies with any other women. What do you mean? We were married with two young kids.""View Entire Post ›",https://www.buzzfeed.com/kristatorres/true-story-about-ex-that-sounds-fake,2026-04-15T21:47:51Z
Buzzfeed,Lily Grossinger,I'm Probably Going To H*ll For Laughing So Hard At These 17 Tweets About Trump Appearing Fast Asleep During An Oval Office Meeting,"“We really need to stop electing 80-year-olds. They should be in assisted living, not leading the free world as the President of the United States.”View Entire Post ›",https://www.buzzfeed.com/lily_grossinger/trump-appears-asleep-during-oval-office-meeting,2026-04-24T21:17:12Z
Buzzfeed,Krista Torres,"""The Next Morning I Get An Email With A PDF Titled 'Date Recap' And 'Areas Of Improvement'"": What This Man Did On A First Date Is So Bonkers It Is Going Mega Viral On TikTok","""The search being 'what does ROI mean in dating' has me fried .""View Entire Post ›",https://www.buzzfeed.com/kristatorres/first-date-evaluation-tiktok,2026-04-28T23:32:55Z
Buzzfeed,Megan Liscomb,"Sorry, But Most People Simply Cannot Unscramble All Of These SAT Vocabulary Words",All of BuzzFeed's SAT Scramble vocabulary puzzles in one place. New scrambles added every weekday at 10 a.m. ET View Entire Post ›,https://www.buzzfeed.com/meganeliscomb/sat-scramble-vocabulary-game-archive,2026-04-16T19:18:16Z
Buzzfeed,Krista Torres,"This Husband Made A Kitchen Rule That Backfired So Hard, His Wife Unraveled","""Is this really the hill both of you want to die on?""View Entire Post ›",https://www.buzzfeed.com/kristatorres/you-cook-i-clean-debate,2026-04-13T12:31:01Z
Buzzfeed,Krista Torres,"""White People, What's Your Favorite Thing About Black People???"": This Mega Viral Thread Is Going Viral For All The Right Reasons","""Being called 'baby' by a Black woman heals everything in my soul.""View Entire Post ›",https://www.buzzfeed.com/kristatorres/favorite-things-about-black-people,2026-04-22T21:11:36Z
Buzzfeed,Megan Liscomb,"RFK Jr. Just Announced A New Project, And The Whole Internet, Including The Right, Is Dragging Him For It",I'm just glad he kept his shirt on for once.View Entire Post ›,https://www.buzzfeed.com/meganeliscomb/rfk-podcast-reaction-tweets,2026-04-09T16:11:30Z
Buzzfeed,Megan Liscomb,"Donald Trump Just Had A Pam Bondi Moment While Talking About The Economy, And Fox News Fact-Checked Him In Real Time","Every time I think he can't get worse, he proves me wrong.View Entire Post ›",https://www.buzzfeed.com/meganeliscomb/donald-trump-economy-dow-gaslighting,2026-04-15T16:23:15Z
Buzzfeed,Dannica Ramirez,"""They Went Away In The '70s"": 24 Everyday Experiences From The '60s, '70s, And '80s That Have Younger People Perpetually Confused",Smoking was allowed WHERE?!View Entire Post ›,https://www.buzzfeed.com/dannicaramirez/common-back-in-the-day-experiences-april-2026,2026-04-12T10:16:02Z
Buzzfeed,Megan Liscomb,"After Reporters Questioned Him About The Atlantic Reporting On His Alleged Drunken Behavior, Kash Patel Completely Crashed Out","Oof, this was hard to watch.View Entire Post ›",https://www.buzzfeed.com/meganeliscomb/kash-patel-reporters-crash-out,2026-04-22T19:23:41Z
Buzzfeed,Krista Torres,"Only Old People Will Remember This Vintage Fridge That's Going Viral Because You Can Actually Open It With Your Foot, And It's So Dern Impressive!!!","""So the past was actually more futuristic than the future...""View Entire Post ›",https://www.buzzfeed.com/kristatorres/vintage-fridge-tiktok,2026-04-24T16:49:54Z
Buzzfeed,Megan Liscomb,"""It's Not Just Embarrassing"": AOC Completely Destroyed Kash Patel Over His Alleged Drunken And Erratic Behavior","""It's not just embarrassing...""View Entire Post ›",https://www.buzzfeed.com/meganeliscomb/why-kash-patel-sued-the-atlantic,2026-04-21T19:31:19Z
Android Central,"sanujb6@gmail.com (Sanuj Bhatia) , Sanuj Bhatia",Samsung News just got much better with new video stories and top sources,Samsung News now includes short-form videos and expanded content from major publishers.,https://www.androidcentral.com/phones/samsung-galaxy/samsung-news-now-offers-short-form-video-as-well-as-curated-articles-from-top-outlets,2026-05-05T12:00:00Z
The Points Guy,Emily Thompson and Madison Blancaflor,How BofA Rewards can elevate your lifestyle,"BofA Rewards can help you elevate multiple aspects of your travel, lifestyle and home. Here's what you need to know about the program's lifestyle benefits.",https://thepointsguy.com/credit-cards/elevate-your-lifestyle-with-bofa-rewards/,2026-05-06T13:00:25Z
CNET,Corin Cesaric-Epple,"Half of US Adults Under 50 Get Health Advice From Influencers, Study Shows","Most health and wellness influencers aren't healthcare professionals, the survey found.",https://www.cnet.com/health/medical/study-health-advice-influencers-not-healthcare-professionals/,2026-05-07T18:57:36Z
Business Insider,kschewitz@businessinsider.com (Kim Schewitz),A 29-year-old man was told his constipation was nothing to worry about. He was diagnosed with colon cancer.,Young cancer cases are rising but a significant number are diagnosed late. A man was given laxatives twice before doctors discovered his colon cancer.,https://www.businessinsider.com/constipation-was-young-colon-cancer-2026-4,2026-04-30T08:26:01Z
Uncrate.com,Uncrate,Amazon Ember Artline TV,"The Amazon Ember Artline is a 4K QLED lifestyle TV that doubles as a rotating art gallery. When nothing's streaming, a matte display just 1.5 inches deep shows a rotating collection of more than 2,000 curated works spanning Impressionist classics...",https://uncrate.com/amazon-ember-artline-tv/,2026-04-20T22:37:18Z
Buzzfeed,Megan Liscomb,"""It's A Lifetime Purchase"": 25 Things That People Say Seem Like A Splurge But Are Actually Worth Every Last Penny","""I've had it for 10 years with zero issues.""View Entire Post ›",https://www.buzzfeed.com/meganeliscomb/splurge-but-worth-it-fs,2026-04-26T09:31:02Z
Buzzfeed,Spencer Althouse,"People Are Sharing The Most ""Gross"" Movie Scenes That Have Ever Been Made, And Holy Crap",I'll never forgive The Substance for THAT scene...View Entire Post ›,https://www.buzzfeed.com/spenceralthouse/most-messed-up-movie-scenes-ever,2026-05-08T02:37:22Z
